coach,coach.link,coach.link.ref,team,year
Joe Golding,history.php?c=Joe+Golding,Joe+Golding,Abilene Christian,2015
Dave Pilipovich,history.php?c=Dave+Pilipovich,Dave+Pilipovich,Air Force,2015
Keith Dambrot,history.php?c=Keith+Dambrot,Keith+Dambrot,Akron,2015
Anthony Grant,history.php?c=Anthony+Grant,Anthony+Grant,Alabama,2015
Willie Hayes,history.php?c=Willie+Hayes,Willie+Hayes,Alabama A&M,2015
Lewis Jackson,history.php?c=Lewis+Jackson,Lewis+Jackson,Alabama St.,2015
Will Brown,history.php?c=Will+Brown,Will+Brown,Albany,2015
Luther Riley,history.php?c=Luther+Riley,Luther+Riley,Alcorn St.,2015
Mike Brennan,history.php?c=Mike+Brennan,Mike+Brennan,American,2015
Jim Fox,history.php?c=Jim+Fox,Jim+Fox,Appalachian St.,2015
Sean Miller,history.php?c=Sean+Miller,Sean+Miller,Arizona,2015
Herb Sendek,history.php?c=Herb+Sendek,Herb+Sendek,Arizona St.,2015
Mike Anderson,history.php?c=Mike+Anderson,Mike+Anderson,Arkansas,2015
Steve Shields,history.php?c=Steve+Shields,Steve+Shields,Arkansas Little Rock,2015
George Ivory,history.php?c=George+Ivory,George+Ivory,Arkansas Pine Bluff,2015
John Brady,history.php?c=John+Brady,John+Brady,Arkansas St.,2015
Zach Spiker,history.php?c=Zach+Spiker,Zach+Spiker,Army,2015
Bruce Pearl,history.php?c=Bruce+Pearl,Bruce+Pearl,Auburn,2015
Dave Loos,history.php?c=Dave+Loos,Dave+Loos,Austin Peay,2015
James Whitford,history.php?c=James+Whitford,James+Whitford,Ball St.,2015
Scott Drew,history.php?c=Scott+Drew,Scott+Drew,Baylor,2015
Rick Byrd,history.php?c=Rick+Byrd,Rick+Byrd,Belmont,2015
Gravelle Craig,history.php?c=Gravelle+Craig,Gravelle+Craig,Bethune Cookman,2015
Tommy Dempsey,history.php?c=Tommy+Dempsey,Tommy+Dempsey,Binghamton,2015
Leon Rice,history.php?c=Leon+Rice,Leon+Rice,Boise St.,2015
Jim Christian,history.php?c=Jim+Christian,Jim+Christian,Boston College,2015
Joe Jones,history.php?c=Joe+Jones,Joe+Jones,Boston University,2015
Chris Jans,history.php?c=Chris+Jans,Chris+Jans,Bowling Green,2015
Geno Ford,history.php?c=Geno+Ford,Geno+Ford,Bradley,2015
Mike Martin,history.php?c=Mike+Martin,Mike+Martin,Brown,2015
Tim O'Shea,history.php?c=Tim+O%27Shea,Tim+O%27Shea,Bryant,2015
Dave Paulsen,history.php?c=Dave+Paulsen,Dave+Paulsen,Bucknell,2015
Bobby Hurley,history.php?c=Bobby+Hurley,Bobby+Hurley,Buffalo,2015
Chris Holtmann,history.php?c=Chris+Holtmann,Chris+Holtmann,Butler,2015
Dave Rose,history.php?c=Dave+Rose,Dave+Rose,BYU,2015
Joe Callero,history.php?c=Joe+Callero,Joe+Callero,Cal Poly,2015
Rod Barnes,history.php?c=Rod+Barnes,Rod+Barnes,Cal St. Bakersfield,2015
Dedrique Taylor,history.php?c=Dedrique+Taylor,Dedrique+Taylor,Cal St. Fullerton,2015
Reggie Theus,history.php?c=Reggie+Theus,Reggie+Theus,Cal St. Northridge,2015
Cuonzo Martin,history.php?c=Cuonzo+Martin,Cuonzo+Martin,California,2015
Kevin McGeehan,history.php?c=Kevin+McGeehan,Kevin+McGeehan,Campbell,2015
Jim Baron,history.php?c=Jim+Baron,Jim+Baron,Canisius,2015
Russ Pennell,history.php?c=Russ+Pennell,Russ+Pennell,Central Arkansas,2015
Howie Dickenman,history.php?c=Howie+Dickenman,Howie+Dickenman,Central Connecticut,2015
Keno Davis,history.php?c=Keno+Davis,Keno+Davis,Central Michigan,2015
Barclay Radebaugh,history.php?c=Barclay+Radebaugh,Barclay+Radebaugh,Charleston Southern,2015
Alan Major,history.php?c=Alan+Major,Alan+Major,Charlotte,2015
Will Wade,history.php?c=Will+Wade,Will+Wade,Chattanooga,2015
Tracy Dildy,history.php?c=Tracy+Dildy,Tracy+Dildy,Chicago St.,2015
Mick Cronin,history.php?c=Mick+Cronin,Mick+Cronin,Cincinnati,2015
Brad Brownell,history.php?c=Brad+Brownell,Brad+Brownell,Clemson,2015
Gary Waters,history.php?c=Gary+Waters,Gary+Waters,Cleveland St.,2015
Cliff Ellis,history.php?c=Cliff+Ellis,Cliff+Ellis,Coastal Carolina,2015
Matt Langel,history.php?c=Matt+Langel,Matt+Langel,Colgate,2015
Earl Grant,history.php?c=Earl+Grant,Earl+Grant,College of Charleston,2015
Tad Boyle,history.php?c=Tad+Boyle,Tad+Boyle,Colorado,2015
Larry Eustachy,history.php?c=Larry+Eustachy,Larry+Eustachy,Colorado St.,2015
Kyle Smith,history.php?c=Kyle+Smith,Kyle+Smith,Columbia,2015
Kevin Ollie,history.php?c=Kevin+Ollie,Kevin+Ollie,Connecticut,2015
Michael Grant,history.php?c=Michael+Grant,Michael+Grant,Coppin St.,2015
Bill Courtney,history.php?c=Bill+Courtney,Bill+Courtney,Cornell,2015
Greg McDermott,history.php?c=Greg+McDermott,Greg+McDermott,Creighton,2015
Paul Cormier,history.php?c=Paul+Cormier,Paul+Cormier,Dartmouth,2015
Bob McKillop,history.php?c=Bob+McKillop,Bob+McKillop,Davidson,2015
Archie Miller,history.php?c=Archie+Miller,Archie+Miller,Dayton,2015
Monte Ross,history.php?c=Monte+Ross,Monte+Ross,Delaware,2015
Keith Walker,history.php?c=Keith+Walker,Keith+Walker,Delaware St.,2015
Joe Scott,history.php?c=Joe+Scott,Joe+Scott,Denver,2015
Oliver Purnell,history.php?c=Oliver+Purnell,Oliver+Purnell,DePaul,2015
Ray McCallum,history.php?c=Ray+McCallum,Ray+McCallum,Detroit,2015
Ray Giacoletti,history.php?c=Ray+Giacoletti,Ray+Giacoletti,Drake,2015
Bruiser Flint,history.php?c=Bruiser+Flint,Bruiser+Flint,Drexel,2015
Mike Krzyzewski,history.php?c=Mike+Krzyzewski,Mike+Krzyzewski,Duke,2015
Jim Ferry,history.php?c=Jim+Ferry,Jim+Ferry,Duquesne,2015
Jeff Lebo,history.php?c=Jeff+Lebo,Jeff+Lebo,East Carolina,2015
Murry Bartow,history.php?c=Murry+Bartow,Murry+Bartow,East Tennessee St.,2015
Jay Spoonhour,history.php?c=Jay+Spoonhour,Jay+Spoonhour,Eastern Illinois,2015
Jeff Neubauer,history.php?c=Jeff+Neubauer,Jeff+Neubauer,Eastern Kentucky,2015
Rob Murphy,history.php?c=Rob+Murphy,Rob+Murphy,Eastern Michigan,2015
Jim Hayford,history.php?c=Jim+Hayford,Jim+Hayford,Eastern Washington,2015
Matt Matheny,history.php?c=Matt+Matheny,Matt+Matheny,Elon,2015
Marty Simmons,history.php?c=Marty+Simmons,Marty+Simmons,Evansville,2015
Sydney Johnson,history.php?c=Sydney+Johnson,Sydney+Johnson,Fairfield,2015
Greg Herenda,history.php?c=Greg+Herenda,Greg+Herenda,Fairleigh Dickinson,2015
Anthony Evans,history.php?c=Anthony+Evans,Anthony+Evans,FIU,2015
Billy Donovan,history.php?c=Billy+Donovan,Billy+Donovan,Florida,2015
Byron Samuels,history.php?c=Byron+Samuels,Byron+Samuels,Florida A&M,2015
Michael Curry,history.php?c=Michael+Curry,Michael+Curry,Florida Atlantic,2015
Joe Dooley,history.php?c=Joe+Dooley,Joe+Dooley,Florida Gulf Coast,2015
Leonard Hamilton,history.php?c=Leonard+Hamilton,Leonard+Hamilton,Florida St.,2015
Tom Pecora,history.php?c=Tom+Pecora,Tom+Pecora,Fordham,2015
Rodney Terry,history.php?c=Rodney+Terry,Rodney+Terry,Fresno St.,2015
Niko Medved,history.php?c=Niko+Medved,Niko+Medved,Furman,2015
Tim Craft,history.php?c=Tim+Craft,Tim+Craft,Gardner Webb,2015
Paul Hewitt,history.php?c=Paul+Hewitt,Paul+Hewitt,George Mason,2015
Mike Lonergan,history.php?c=Mike+Lonergan,Mike+Lonergan,George Washington,2015
John Thompson III,history.php?c=John+Thompson+III,John+Thompson+III,Georgetown,2015
Mark Fox,history.php?c=Mark+Fox,Mark+Fox,Georgia,2015
Mark Byington,history.php?c=Mark+Byington,Mark+Byington,Georgia Southern,2015
Ron Hunter,history.php?c=Ron+Hunter,Ron+Hunter,Georgia St.,2015
Brian Gregory,history.php?c=Brian+Gregory,Brian+Gregory,Georgia Tech,2015
Mark Few,history.php?c=Mark+Few,Mark+Few,Gonzaga,2015
Shawn Walker,history.php?c=Shawn+Walker,Shawn+Walker,Grambling St.,2015
Dan Majerle,history.php?c=Dan+Majerle,Dan+Majerle,Grand Canyon,2015
Brian Wardle,history.php?c=Brian+Wardle,Brian+Wardle,Green Bay,2015
Edward Joyner Jr,history.php?c=Edward+Joyner+Jr,Edward+Joyner+Jr,Hampton,2015
John Gallagher,history.php?c=John+Gallagher,John+Gallagher,Hartford,2015
Tommy Amaker,history.php?c=Tommy+Amaker,Tommy+Amaker,Harvard,2015
Benjy Taylor,history.php?c=Benjy+Taylor,Benjy+Taylor,Hawaii,2015
Scott Cherry,history.php?c=Scott+Cherry,Scott+Cherry,High Point,2015
Joe Mihalich,history.php?c=Joe+Mihalich,Joe+Mihalich,Hofstra,2015
Milan Brown,history.php?c=Milan+Brown,Milan+Brown,Holy Cross,2015
Kelvin Sampson,history.php?c=Kelvin+Sampson,Kelvin+Sampson,Houston,2015
Ron Cottrell,history.php?c=Ron+Cottrell,Ron+Cottrell,Houston Baptist,2015
Kevin Nickelberry,history.php?c=Kevin+Nickelberry,Kevin+Nickelberry,Howard,2015
Don Verlin,history.php?c=Don+Verlin,Don+Verlin,Idaho,2015
Bill Evans,history.php?c=Bill+Evans,Bill+Evans,Idaho St.,2015
John Groce,history.php?c=John+Groce,John+Groce,Illinois,2015
Howard Moore,history.php?c=Howard+Moore,Howard+Moore,Illinois Chicago,2015
Dan Muller,history.php?c=Dan+Muller,Dan+Muller,Illinois St.,2015
Ken Burmeister,history.php?c=Ken+Burmeister,Ken+Burmeister,Incarnate Word,2015
Tom Crean,history.php?c=Tom+Crean,Tom+Crean,Indiana,2015
Greg Lansing,history.php?c=Greg+Lansing,Greg+Lansing,Indiana St.,2015
Tim Cluess,history.php?c=Tim+Cluess,Tim+Cluess,Iona,2015
Fran McCaffery,history.php?c=Fran+McCaffery,Fran+McCaffery,Iowa,2015
Fred Hoiberg,history.php?c=Fred+Hoiberg,Fred+Hoiberg,Iowa St.,2015
Jon Coffman,history.php?c=Jon+Coffman,Jon+Coffman,IPFW,2015
Jason Gardner,history.php?c=Jason+Gardner,Jason+Gardner,IUPUI,2015
Wayne Brent,history.php?c=Wayne+Brent,Wayne+Brent,Jackson St.,2015
Tony Jasick,history.php?c=Tony+Jasick,Tony+Jasick,Jacksonville,2015
James Green,history.php?c=James+Green,James+Green,Jacksonville St.,2015
Matt Brady,history.php?c=Matt+Brady,Matt+Brady,James Madison,2015
Bill Self,history.php?c=Bill+Self,Bill+Self,Kansas,2015
Bruce Weber,history.php?c=Bruce+Weber,Bruce+Weber,Kansas St.,2015
Jimmy Lallathin,history.php?c=Jimmy+Lallathin,Jimmy+Lallathin,Kennesaw St.,2015
Rob Senderoff,history.php?c=Rob+Senderoff,Rob+Senderoff,Kent St.,2015
John Calipari,history.php?c=John+Calipari,John+Calipari,Kentucky,2015
John Giannini,history.php?c=John+Giannini,John+Giannini,La Salle,2015
Fran O'Hanlon,history.php?c=Fran+O%27Hanlon,Fran+O%27Hanlon,Lafayette,2015
Tic Price,history.php?c=Tic+Price,Tic+Price,Lamar,2015
Brett Reed,history.php?c=Brett+Reed,Brett+Reed,Lehigh,2015
Dale Layer,history.php?c=Dale+Layer,Dale+Layer,Liberty,2015
Casey Alexander,history.php?c=Casey+Alexander,Casey+Alexander,Lipscomb,2015
Jack Perri,history.php?c=Jack+Perri,Jack+Perri,LIU Brooklyn,2015
Dan Monson,history.php?c=Dan+Monson,Dan+Monson,Long Beach St.,2015
Jayson Gee,history.php?c=Jayson+Gee,Jayson+Gee,Longwood,2015
Bob Marlin,history.php?c=Bob+Marlin,Bob+Marlin,Louisiana Lafayette,2015
Keith Richard,history.php?c=Keith+Richard,Keith+Richard,Louisiana Monroe,2015
Michael White,history.php?c=Michael+White,Michael+White,Louisiana Tech,2015
Rick Pitino,history.php?c=Rick+Pitino,Rick+Pitino,Louisville,2015
Porter Moser,history.php?c=Porter+Moser,Porter+Moser,Loyola Chicago,2015
Mike Dunlap,history.php?c=Mike+Dunlap,Mike+Dunlap,Loyola Marymount,2015
G.G. Smith,history.php?c=G.G.+Smith,G.G.+Smith,Loyola MD,2015
Johnny Jones,history.php?c=Johnny+Jones,Johnny+Jones,LSU,2015
Bob Walsh,history.php?c=Bob+Walsh,Bob+Walsh,Maine,2015
Steve Masiello,history.php?c=Steve+Masiello,Steve+Masiello,Manhattan,2015
Mike Maker,history.php?c=Mike+Maker,Mike+Maker,Marist,2015
Steve Wojciechowski,history.php?c=Steve+Wojciechowski,Steve+Wojciechowski,Marquette,2015
Dan D'Antoni,history.php?c=Dan+D%27Antoni,Dan+D%27Antoni,Marshall,2015
Mark Turgeon,history.php?c=Mark+Turgeon,Mark+Turgeon,Maryland,2015
Bobby Collins,history.php?c=Bobby+Collins,Bobby+Collins,Maryland Eastern Shore,2015
Derek Kellogg,history.php?c=Derek+Kellogg,Derek+Kellogg,Massachusetts,2015
Dave Simmons,history.php?c=Dave+Simmons,Dave+Simmons,McNeese St.,2015
Josh Pastner,history.php?c=Josh+Pastner,Josh+Pastner,Memphis,2015
Bob Hoffman,history.php?c=Bob+Hoffman,Bob+Hoffman,Mercer,2015
Jim Larranaga,history.php?c=Jim+Larranaga,Jim+Larranaga,Miami FL,2015
John Cooper,history.php?c=John+Cooper,John+Cooper,Miami OH,2015
John Beilein,history.php?c=John+Beilein,John+Beilein,Michigan,2015
Tom Izzo,history.php?c=Tom+Izzo,Tom+Izzo,Michigan St.,2015
Kermit Davis Jr,history.php?c=Kermit+Davis+Jr,Kermit+Davis+Jr,Middle Tennessee,2015
Rob Jeter,history.php?c=Rob+Jeter,Rob+Jeter,Milwaukee,2015
Richard Pitino,history.php?c=Richard+Pitino,Richard+Pitino,Minnesota,2015
Andy Kennedy,history.php?c=Andy+Kennedy,Andy+Kennedy,Mississippi,2015
Rick Ray,history.php?c=Rick+Ray,Rick+Ray,Mississippi St.,2015
Andre Payne,history.php?c=Andre+Payne,Andre+Payne,Mississippi Valley St.,2015
Kim Anderson,history.php?c=Kim+Anderson,Kim+Anderson,Missouri,2015
Paul Lusk,history.php?c=Paul+Lusk,Paul+Lusk,Missouri St.,2015
King Rice,history.php?c=King+Rice,King+Rice,Monmouth,2015
Travis DeCuire,history.php?c=Travis+DeCuire,Travis+DeCuire,Montana,2015
Brian Fish,history.php?c=Brian+Fish,Brian+Fish,Montana St.,2015
Sean Woods,history.php?c=Sean+Woods,Sean+Woods,Morehead St.,2015
Todd Bozeman,history.php?c=Todd+Bozeman,Todd+Bozeman,Morgan St.,2015
Jamion Christian,history.php?c=Jamion+Christian,Jamion+Christian,Mount St. Mary's,2015
Steve Prohm,history.php?c=Steve+Prohm,Steve+Prohm,Murray St.,2015
Mark Gottfried,history.php?c=Mark+Gottfried,Mark+Gottfried,N.C. State,2015
Ed DeChellis,history.php?c=Ed+DeChellis,Ed+DeChellis,Navy,2015
Tim Miles,history.php?c=Tim+Miles,Tim+Miles,Nebraska,2015
Derrin Hansen,history.php?c=Derrin+Hansen,Derrin+Hansen,Nebraska Omaha,2015
David Carter,history.php?c=David+Carter,David+Carter,Nevada,2015
Bill Herrion,history.php?c=Bill+Herrion,Bill+Herrion,New Hampshire,2015
Craig Neal,history.php?c=Craig+Neal,Craig+Neal,New Mexico,2015
Marvin Menzies,history.php?c=Marvin+Menzies,Marvin+Menzies,New Mexico St.,2015
Mark Slessinger,history.php?c=Mark+Slessinger,Mark+Slessinger,New Orleans,2015
Chris Casey,history.php?c=Chris+Casey,Chris+Casey,Niagara,2015
JP Piper,history.php?c=JP+Piper,JP+Piper,Nicholls St.,2015
Jim Engles,history.php?c=Jim+Engles,Jim+Engles,NJIT,2015
Robert Jones,history.php?c=Robert+Jones,Robert+Jones,Norfolk St.,2015
Roy Williams,history.php?c=Roy+Williams,Roy+Williams,North Carolina,2015
Cy Alexander,history.php?c=Cy+Alexander,Cy+Alexander,North Carolina A&T,2015
LeVelle Moton,history.php?c=LeVelle+Moton,LeVelle+Moton,North Carolina Central,2015
Brian Jones,history.php?c=Brian+Jones,Brian+Jones,North Dakota,2015
Dave Richman,history.php?c=Dave+Richman,Dave+Richman,North Dakota St.,2015
Matthew Driscoll,history.php?c=Matthew+Driscoll,Matthew+Driscoll,North Florida,2015
Tony Benford,history.php?c=Tony+Benford,Tony+Benford,North Texas,2015
Bill Coen,history.php?c=Bill+Coen,Bill+Coen,Northeastern,2015
Jack Murphy,history.php?c=Jack+Murphy,Jack+Murphy,Northern Arizona,2015
BJ Hill,history.php?c=BJ+Hill,BJ+Hill,Northern Colorado,2015
Mark Montgomery,history.php?c=Mark+Montgomery,Mark+Montgomery,Northern Illinois,2015
Ben Jacobson,history.php?c=Ben+Jacobson,Ben+Jacobson,Northern Iowa,2015
Dave Bezold,history.php?c=Dave+Bezold,Dave+Bezold,Northern Kentucky,2015
Chris Collins,history.php?c=Chris+Collins,Chris+Collins,Northwestern,2015
Mike McConathy,history.php?c=Mike+McConathy,Mike+McConathy,Northwestern St.,2015
Mike Brey,history.php?c=Mike+Brey,Mike+Brey,Notre Dame,2015
Greg Kampe,history.php?c=Greg+Kampe,Greg+Kampe,Oakland,2015
Saul Phillips,history.php?c=Saul+Phillips,Saul+Phillips,Ohio,2015
Thad Matta,history.php?c=Thad+Matta,Thad+Matta,Ohio St.,2015
Lon Kruger,history.php?c=Lon+Kruger,Lon+Kruger,Oklahoma,2015
Travis Ford,history.php?c=Travis+Ford,Travis+Ford,Oklahoma St.,2015
Jeff Jones,history.php?c=Jeff+Jones,Jeff+Jones,Old Dominion,2015
Scott Sutton,history.php?c=Scott+Sutton,Scott+Sutton,Oral Roberts,2015
Dana Altman,history.php?c=Dana+Altman,Dana+Altman,Oregon,2015
Wayne Tinkle,history.php?c=Wayne+Tinkle,Wayne+Tinkle,Oregon St.,2015
Ron Verlin,history.php?c=Ron+Verlin,Ron+Verlin,Pacific,2015
Jerome Allen,history.php?c=Jerome+Allen,Jerome+Allen,Penn,2015
Pat Chambers,history.php?c=Pat+Chambers,Pat+Chambers,Penn St.,2015
Marty Wilson,history.php?c=Marty+Wilson,Marty+Wilson,Pepperdine,2015
Jamie Dixon,history.php?c=Jamie+Dixon,Jamie+Dixon,Pittsburgh,2015
Eric Reveno,history.php?c=Eric+Reveno,Eric+Reveno,Portland,2015
Tyler Geving,history.php?c=Tyler+Geving,Tyler+Geving,Portland St.,2015
Byron Rimm II,history.php?c=Byron+Rimm+II,Byron+Rimm+II,Prairie View A&M,2015
Gregg Nibert,history.php?c=Gregg+Nibert,Gregg+Nibert,Presbyterian,2015
Mitch Henderson,history.php?c=Mitch+Henderson,Mitch+Henderson,Princeton,2015
Ed Cooley,history.php?c=Ed+Cooley,Ed+Cooley,Providence,2015
Matt Painter,history.php?c=Matt+Painter,Matt+Painter,Purdue,2015
Tom Moore,history.php?c=Tom+Moore,Tom+Moore,Quinnipiac,2015
Mike Jones,history.php?c=Mike+Jones,Mike+Jones,Radford,2015
Dan Hurley,history.php?c=Dan+Hurley,Dan+Hurley,Rhode Island,2015
Mike Rhoades,history.php?c=Mike+Rhoades,Mike+Rhoades,Rice,2015
Chris Mooney,history.php?c=Chris+Mooney,Chris+Mooney,Richmond,2015
Kevin Baggett,history.php?c=Kevin+Baggett,Kevin+Baggett,Rider,2015
Andrew Toole,history.php?c=Andrew+Toole,Andrew+Toole,Robert Morris,2015
Eddie Jordan,history.php?c=Eddie+Jordan,Eddie+Jordan,Rutgers,2015
Brian Katz,history.php?c=Brian+Katz,Brian+Katz,Sacramento St.,2015
Anthony Latina,history.php?c=Anthony+Latina,Anthony+Latina,Sacred Heart,2015
Phil Martelli,history.php?c=Phil+Martelli,Phil+Martelli,Saint Joseph's,2015
Jim Crews,history.php?c=Jim+Crews,Jim+Crews,Saint Louis,2015
Randy Bennett,history.php?c=Randy+Bennett,Randy+Bennett,Saint Mary's,2015
John Dunne,history.php?c=John+Dunne,John+Dunne,Saint Peter's,2015
Jason Hooten,history.php?c=Jason+Hooten,Jason+Hooten,Sam Houston St.,2015
Scott Padgett,history.php?c=Scott+Padgett,Scott+Padgett,Samford,2015
Bill Grier,history.php?c=Bill+Grier,Bill+Grier,San Diego,2015
Steve Fisher,history.php?c=Steve+Fisher,Steve+Fisher,San Diego St.,2015
Rex Walters,history.php?c=Rex+Walters,Rex+Walters,San Francisco,2015
Dave Wojcik,history.php?c=Dave+Wojcik,Dave+Wojcik,San Jose St.,2015
Kerry Keating,history.php?c=Kerry+Keating,Kerry+Keating,Santa Clara,2015
Horace Broadnax,history.php?c=Horace+Broadnax,Horace+Broadnax,Savannah St.,2015
Cameron Dollar,history.php?c=Cameron+Dollar,Cameron+Dollar,Seattle,2015
Kevin Willard,history.php?c=Kevin+Willard,Kevin+Willard,Seton Hall,2015
Jimmy Patsos,history.php?c=Jimmy+Patsos,Jimmy+Patsos,Siena,2015
Lennox Forrester,history.php?c=Lennox+Forrester,Lennox+Forrester,SIU Edwardsville,2015
Larry Brown,history.php?c=Larry+Brown,Larry+Brown,SMU,2015
Matthew Graves,history.php?c=Matthew+Graves,Matthew+Graves,South Alabama,2015
Frank Martin,history.php?c=Frank+Martin,Frank+Martin,South Carolina,2015
Murray Garvin,history.php?c=Murray+Garvin,Murray+Garvin,South Carolina St.,2015
Craig Smith,history.php?c=Craig+Smith,Craig+Smith,South Dakota,2015
Scott Nagy,history.php?c=Scott+Nagy,Scott+Nagy,South Dakota St.,2015
Orlando Antigua,history.php?c=Orlando+Antigua,Orlando+Antigua,South Florida,2015
Dickey Nutt,history.php?c=Dickey+Nutt,Dickey+Nutt,Southeast Missouri St.,2015
Jay Ladner,history.php?c=Jay+Ladner,Jay+Ladner,Southeastern Louisiana,2015
Roman Banks,history.php?c=Roman+Banks,Roman+Banks,Southern,2015
Barry Hinson,history.php?c=Barry+Hinson,Barry+Hinson,Southern Illinois,2015
Doc Sadler,history.php?c=Doc+Sadler,Doc+Sadler,Southern Miss,2015
Nick Robinson,history.php?c=Nick+Robinson,Nick+Robinson,Southern Utah,2015
Mark Schmidt,history.php?c=Mark+Schmidt,Mark+Schmidt,St. Bonaventure,2015
Glenn Braica,history.php?c=Glenn+Braica,Glenn+Braica,St. Francis NY,2015
Rob Krimmel,history.php?c=Rob+Krimmel,Rob+Krimmel,St. Francis PA,2015
Steve Lavin,history.php?c=Steve+Lavin,Steve+Lavin,St. John's,2015
Johnny Dawkins,history.php?c=Johnny+Dawkins,Johnny+Dawkins,Stanford,2015
Brad Underwood,history.php?c=Brad+Underwood,Brad+Underwood,Stephen F. Austin,2015
Corey Williams,history.php?c=Corey+Williams,Corey+Williams,Stetson,2015
Steve Pikiell,history.php?c=Steve+Pikiell,Steve+Pikiell,Stony Brook,2015
Jim Boeheim,history.php?c=Jim+Boeheim,Jim+Boeheim,Syracuse,2015
Trent Johnson,history.php?c=Trent+Johnson,Trent+Johnson,TCU,2015
Fran Dunphy,history.php?c=Fran+Dunphy,Fran+Dunphy,Temple,2015
Donnie Tyndall,history.php?c=Donnie+Tyndall,Donnie+Tyndall,Tennessee,2015
Heath Schroyer,history.php?c=Heath+Schroyer,Heath+Schroyer,Tennessee Martin,2015
Dana Ford,history.php?c=Dana+Ford,Dana+Ford,Tennessee St.,2015
Steve Payne,history.php?c=Steve+Payne,Steve+Payne,Tennessee Tech,2015
Rick Barnes,history.php?c=Rick+Barnes,Rick+Barnes,Texas,2015
Billy Kennedy,history.php?c=Billy+Kennedy,Billy+Kennedy,Texas A&M,2015
Willis Wilson,history.php?c=Willis+Wilson,Willis+Wilson,Texas A&M Corpus Chris,2015
Dan Hipsher,history.php?c=Dan+Hipsher,Dan+Hipsher,Texas Pan American,2015
Mike Davis,history.php?c=Mike+Davis,Mike+Davis,Texas Southern,2015
Danny Kaspar,history.php?c=Danny+Kaspar,Danny+Kaspar,Texas St.,2015
Tubby Smith,history.php?c=Tubby+Smith,Tubby+Smith,Texas Tech,2015
Chuck Driesell,history.php?c=Chuck+Driesell,Chuck+Driesell,The Citadel,2015
Tod Kowalczyk,history.php?c=Tod+Kowalczyk,Tod+Kowalczyk,Toledo,2015
Pat Skerry,history.php?c=Pat+Skerry,Pat+Skerry,Towson,2015
Phil Cunningham,history.php?c=Phil+Cunningham,Phil+Cunningham,Troy,2015
Ed Conroy,history.php?c=Ed+Conroy,Ed+Conroy,Tulane,2015
Frank Haith,history.php?c=Frank+Haith,Frank+Haith,Tulsa,2015
Jerod Haase,history.php?c=Jerod+Haase,Jerod+Haase,UAB,2015
Jim Les,history.php?c=Jim+Les,Jim+Les,UC Davis,2015
Russell Turner,history.php?c=Russell+Turner,Russell+Turner,UC Irvine,2015
Dennis Cutts,history.php?c=Dennis+Cutts,Dennis+Cutts,UC Riverside,2015
Bob Williams,history.php?c=Bob+Williams,Bob+Williams,UC Santa Barbara,2015
Donnie Jones,history.php?c=Donnie+Jones,Donnie+Jones,UCF,2015
Steve Alford,history.php?c=Steve+Alford,Steve+Alford,UCLA,2015
Pat Duquette,history.php?c=Pat+Duquette,Pat+Duquette,UMass Lowell,2015
Aki Thomas,history.php?c=Aki+Thomas,Aki+Thomas,UMBC,2015
Kareem Richardson,history.php?c=Kareem+Richardson,Kareem+Richardson,UMKC,2015
Nicholas McDevitt,history.php?c=Nicholas+McDevitt,Nicholas+McDevitt,UNC Asheville,2015
Wes Miller,history.php?c=Wes+Miller,Wes+Miller,UNC Greensboro,2015
Kevin Keatts,history.php?c=Kevin+Keatts,Kevin+Keatts,UNC Wilmington,2015
Dave Rice,history.php?c=Dave+Rice,Dave+Rice,UNLV,2015
Andy Enfield,history.php?c=Andy+Enfield,Andy+Enfield,USC,2015
Eddie Payne,history.php?c=Eddie+Payne,Eddie+Payne,USC Upstate,2015
Scott Cross,history.php?c=Scott+Cross,Scott+Cross,UT Arlington,2015
Larry Krystkowiak,history.php?c=Larry+Krystkowiak,Larry+Krystkowiak,Utah,2015
Stew Morrill,history.php?c=Stew+Morrill,Stew+Morrill,Utah St.,2015
Dick Hunsaker,history.php?c=Dick+Hunsaker,Dick+Hunsaker,Utah Valley,2015
Tim Floyd,history.php?c=Tim+Floyd,Tim+Floyd,UTEP,2015
Brooks Thompson,history.php?c=Brooks+Thompson,Brooks+Thompson,UTSA,2015
Bryce Drew,history.php?c=Bryce+Drew,Bryce+Drew,Valparaiso,2015
Kevin Stallings,history.php?c=Kevin+Stallings,Kevin+Stallings,Vanderbilt,2015
Shaka Smart,history.php?c=Shaka+Smart,Shaka+Smart,VCU,2015
John Becker,history.php?c=John+Becker,John+Becker,Vermont,2015
Jay Wright,history.php?c=Jay+Wright,Jay+Wright,Villanova,2015
Tony Bennett,history.php?c=Tony+Bennett,Tony+Bennett,Virginia,2015
Buzz Williams,history.php?c=Buzz+Williams,Buzz+Williams,Virginia Tech,2015
Duggar Baucom,history.php?c=Duggar+Baucom,Duggar+Baucom,VMI,2015
Bashir Mason,history.php?c=Bashir+Mason,Bashir+Mason,Wagner,2015
Danny Manning,history.php?c=Danny+Manning,Danny+Manning,Wake Forest,2015
Lorenzo Romar,history.php?c=Lorenzo+Romar,Lorenzo+Romar,Washington,2015
Ernie Kent,history.php?c=Ernie+Kent,Ernie+Kent,Washington St.,2015
Randy Rahe,history.php?c=Randy+Rahe,Randy+Rahe,Weber St.,2015
Bob Huggins,history.php?c=Bob+Huggins,Bob+Huggins,West Virginia,2015
Larry Hunter,history.php?c=Larry+Hunter,Larry+Hunter,Western Carolina,2015
Billy Wright,history.php?c=Billy+Wright,Billy+Wright,Western Illinois,2015
Ray Harper,history.php?c=Ray+Harper,Ray+Harper,Western Kentucky,2015
Steve Hawkins,history.php?c=Steve+Hawkins,Steve+Hawkins,Western Michigan,2015
Gregg Marshall,history.php?c=Gregg+Marshall,Gregg+Marshall,Wichita St.,2015
Tony Shaver,history.php?c=Tony+Shaver,Tony+Shaver,William & Mary,2015
Pat Kelsey,history.php?c=Pat+Kelsey,Pat+Kelsey,Winthrop,2015
Bo Ryan,history.php?c=Bo+Ryan,Bo+Ryan,Wisconsin,2015
Mike Young,history.php?c=Mike+Young,Mike+Young,Wofford,2015
Billy Donlon,history.php?c=Billy+Donlon,Billy+Donlon,Wright St.,2015
Larry Shyatt,history.php?c=Larry+Shyatt,Larry+Shyatt,Wyoming,2015
Chris Mack,history.php?c=Chris+Mack,Chris+Mack,Xavier,2015
James Jones,history.php?c=James+Jones,James+Jones,Yale,2015
Jerry Slocum,history.php?c=Jerry+Slocum,Jerry+Slocum,Youngstown St.,2015
